"ID","Gemeinde_color","Ja_Stimmen_In_Prozent","Nein_Stimmen_In_Prozent","Gemeinde_fr","Text_fr"
5401,50,0,0,"Aigle (VD)","Les résultats ne sont pas encore connus dans cette commune."
5402,36.5,36.5,63.5,"Bex (VD)","Le projet visant à simplifier les résiliations du bail pour besoin propre est refusé à 63,5 pour cent à Bex."
5403,51,51,49,"Chessel (VD)","Chessel dit oui à 51 pour cent au projet visant à simplifier les résiliations du bail pour besoin propre"
5404,40.2,40.2,59.8,"Corbeyrier (VD)","C'est non au projet prévoyant une simplification des résiliations du bail pour besoin propre à Corbeyrier. Les habitants ont refusé le texte à 59,8 pour cent."
5405,50.1,50.1,49.9,"Gryon (VD)","Le projet visant à simplifier les résiliations du bail pour besoin propre passe la rampe avec 50,1 pour cent de oui à Gryon."
5406,48.3,48.3,51.7,"Lavey-Morcles (VD)","A Lavey-Morcles, les citoyens rejettent à 51,7 pour cent le projet visant à simplifier les résiliations du bail pour besoin propre."
5407,42.2,42.2,57.8,"Leysin (VD)","C'est non au projet prévoyant une simplification des résiliations du bail pour besoin propre à Leysin. Les habitants ont refusé le texte à 57,8 pour cent."
5408,55.9,55.9,44.1,"Noville (VD)","Le projet visant à simplifier les résiliations du bail pour besoin propre passe la rampe avec 55,9 pour cent de oui à Noville."
5409,51.3,51.3,48.7,"Ollon (VD)","Les habitants d'Ollon soutiennent à 51,3 pour cent le projet visant à simplifier les résiliations du bail pour besoin propre."
5410,50,0,0,"Ormont-Dessous (VD)","Les résultats ne sont pas encore connus dans cette commune."
5411,57.4,57.4,42.6,"Ormont-Dessus (VD)","Les habitants d'Ormont-Dessus soutiennent à 57,4 pour cent le projet visant à simplifier les résiliations du bail pour besoin propre."
5412,37,37,63,"Rennaz (VD)","Le projet visant à simplifier les résiliations du bail pour besoin propre n'a pas trouvé grâce aux yeux des citoyens de Rennaz. Ils ont refusé le texte à 63 pour cent."
5413,39.2,39.2,60.8,"Roche (VD)","A Roche (VD), les citoyens rejettent à 60,8 pour cent le projet visant à simplifier les résiliations du bail pour besoin propre."
5414,39.7,39.7,60.3,"Villeneuve (VD)","A Villeneuve (VD), les citoyens rejettent à 60,3 pour cent le projet visant à simplifier les résiliations du bail pour besoin propre."
5415,48.2,48.2,51.8,"Yvorne (VD)","Le projet visant à simplifier les résiliations du bail pour besoin propre n'a pas trouvé grâce aux yeux des citoyens d'Yvorne. Ils ont refusé le texte à 51,8 pour cent."
5422,49,49,51,"Aubonne (VD)","Le projet visant à simplifier les résiliations du bail pour besoin propre n'a pas trouvé grâce aux yeux des citoyens d'Aubonne. Ils ont refusé le texte à 51 pour cent."
5423,51.2,51.2,48.8,"Ballens (VD)","A Ballens, les habitants disent oui à  51,2 pour cent au projet qui vise à simplifier les résiliations du bail pour besoin propre."
5424,45.6,45.6,54.4,"Berolle (VD)","Le projet visant à simplifier les résiliations du bail pour besoin propre est refusé à 54,4 pour cent à Berolle."
5425,42.6,42.6,57.4,"Bière (VD)","Les habitants de Bière s'opposent au projet visant à simplifier les résiliations du bail pour besoin propre par 57,4 pour cent des voix."
5426,65.9,65.9,34.1,"Bougy-Villars (VD)","Les habitants de Bougy-Villars acceptent à 65,9 pour cent le projet visant à simplifier les résiliations du bail pour besoin propre."
5427,62.7,62.7,37.3,"Féchy (VD)","A Féchy, les habitants disent oui à  62,7 pour cent au projet qui vise à simplifier les résiliations du bail pour besoin propre."
5428,44.9,44.9,55.1,"Gimel (VD)","La population de Gimel rejette à 55,1 pour cent des voix le projet qui veut simplifier les résiliations du bail pour besoin propre."
5429,50.3,50.3,49.7,"Longirod (VD)","La population de Longirod approuve à 50,3 pour cent le projet qui vise à simplifier les résiliations du bail pour besoin propre."
5430,54,54,46,"Marchissy (VD)","A Marchissy, les habitants disent oui à  54 pour cent au projet qui vise à simplifier les résiliations du bail pour besoin propre."
5431,47.3,47.3,52.7,"Mollens (VD)","C'est non au projet prévoyant une simplification des résiliations du bail pour besoin propre à Mollens (VD). Les habitants ont refusé le texte à 52,7 pour cent."
5434,54.6,54.6,45.4,"Saint-George (VD)","Les habitants de Saint-George soutiennent à 54,6 pour cent le projet visant à simplifier les résiliations du bail pour besoin propre."
5435,54,54,46,"Saint-Livres (VD)","Le projet qui prévoit une simplification des résiliations du bail pour besoin propre est approuvé à Saint-Livres par 54 pour cent des votants."
5436,60.4,60.4,39.6,"Saint-Oyens (VD)","Saint-Oyens dit oui à 60,4 pour cent au projet visant à simplifier les résiliations du bail pour besoin propre"
5437,46.7,46.7,53.3,"Saubraz (VD)","A Saubraz, les citoyens rejettent à 53,3 pour cent le projet visant à simplifier les résiliations du bail pour besoin propre."
5451,49.5,49.5,50.5,"Avenches (VD)","C'est non au projet prévoyant une simplification des résiliations du bail pour besoin propre à Avenches. Les habitants ont refusé le texte à 50,5 pour cent."
5456,48.9,48.9,51.1,"Cudrefin (VD)","A Cudrefin, les citoyens rejettent à 51,1 pour cent le projet visant à simplifier les résiliations du bail pour besoin propre."
5458,48.2,48.2,51.8,"Faoug (VD)","Le projet visant à simplifier les résiliations du bail pour besoin propre n'a pas trouvé grâce aux yeux des citoyens de Faoug. Ils ont refusé le texte à 51,8 pour cent."
5464,56.8,56.8,43.2,"Vully-les-Lacs (VD)","A Vully-les-Lacs, les habitants disent oui à  56,8 pour cent au projet qui vise à simplifier les résiliations du bail pour besoin propre."
5471,53.8,53.8,46.2,"Bettens (VD)","Les habitants de Bettens soutiennent à 53,8 pour cent le projet visant à simplifier les résiliations du bail pour besoin propre."
5472,53.8,53.8,46.2,"Bournens (VD)","Bournens dit oui à 53,8 pour cent au projet visant à simplifier les résiliations du bail pour besoin propre"
5473,42.1,42.1,57.9,"Boussens (VD)","Le projet visant à simplifier les résiliations du bail pour besoin propre est refusé à 57,9 pour cent à Boussens."
5474,52.4,52.4,47.6,"La Chaux (Cossonay) (VD)","Le projet qui prévoit une simplification des résiliations du bail pour besoin propre est approuvé à La Chaux (Cossonay) par 52,4 pour cent des votants."
5475,53.8,53.8,46.2,"Chavannes-le-Veyron (VD)","Le projet visant à simplifier les résiliations du bail pour besoin propre est validé à Chavannes-le-Veyron. Les citoyens de cette petite commune sont 35 à soutenir le texte, contre 30 à le refuser."
5476,42.6,42.6,57.4,"Chevilly (VD)","Le projet visant à simplifier les résiliations du bail pour besoin propre n'a pas trouvé grâce aux yeux des citoyens de Chevilly. Ils ont refusé le texte à 57,4 pour cent."
5477,39.6,39.6,60.4,"Cossonay (VD)","Le projet visant à simplifier les résiliations du bail pour besoin propre est refusé à 60,4 pour cent à Cossonay."
5479,55.9,55.9,44.1,"Cuarnens (VD)","Le projet visant à simplifier les résiliations du bail pour besoin propre passe la rampe avec 55,9 pour cent de oui à Cuarnens."
5480,51.4,51.4,48.6,"Daillens (VD)","Daillens dit oui à 51,4 pour cent au projet visant à simplifier les résiliations du bail pour besoin propre"
5481,44.3,44.3,55.7,"Dizy (VD)","Les habitants de la petite commune de Dizy ont refusé de simplifier les résiliations du bail pour besoin propre. Ils ont dit non à cet objet par 49 voix contre 39."
5482,48.7,48.7,51.3,"Eclépens (VD)","Le projet visant à simplifier les résiliations du bail pour besoin propre est refusé à 51,3 pour cent à Eclépens."
5483,48.7,48.7,51.3,"Ferreyres (VD)","A Ferreyres, les citoyens rejettent à 51,3 pour cent le projet visant à simplifier les résiliations du bail pour besoin propre."
5484,47,47,53,"Gollion (VD)","La population de Gollion rejette à 53 pour cent des voix le projet qui veut simplifier les résiliations du bail pour besoin propre."
5485,50.3,50.3,49.7,"Grancy (VD)","Les habitants de Grancy acceptent à 50,3 pour cent le projet visant à simplifier les résiliations du bail pour besoin propre."
5486,42.7,42.7,57.3,"L'Isle (VD)","Le projet visant à simplifier les résiliations du bail pour besoin propre n'a pas trouvé grâce aux yeux des citoyens de L'Isle. Ils ont refusé le texte à 57,3 pour cent."
5487,50,0,0,"Lussery-Villars (VD)","Les résultats ne sont pas encore connus dans cette commune."
5488,34.6,34.6,65.4,"Mauraz (VD)","Les habitants de la petite commune de Mauraz ont refusé de simplifier les résiliations du bail pour besoin propre. Ils ont dit non à cet objet par 17 voix contre 9."
5489,55.5,55.5,44.5,"Mex (VD)","Le projet qui prévoit une simplification des résiliations du bail pour besoin propre est approuvé à Mex (VD) par 55,5 pour cent des votants."
5490,31.8,31.8,68.2,"Moiry (VD)","Le projet visant à simplifier les résiliations du bail pour besoin propre n'a pas convaincu à Moiry. Les citoyens de la commune ont refusé la réforme à 68,2 pour cent."
5491,47.9,47.9,52.1,"Mont-la-Ville (VD)","Le projet visant à simplifier les résiliations du bail pour besoin propre n'a pas convaincu à Mont-la-Ville. Les citoyens de la commune ont refusé la réforme à 52,1 pour cent."
5492,47.5,47.5,52.5,"Montricher (VD)","Le projet visant à simplifier les résiliations du bail pour besoin propre n'a pas trouvé grâce aux yeux des citoyens de Montricher. Ils ont refusé le texte à 52,5 pour cent."
5493,50,0,0,"Orny (VD)","Les résultats ne sont pas encore connus dans cette commune."
5495,50,0,0,"Penthalaz (VD)","Les résultats ne sont pas encore connus dans cette commune."
5496,46.3,46.3,53.7,"Penthaz (VD)","La population de Penthaz rejette à 53,7 pour cent des voix le projet qui veut simplifier les résiliations du bail pour besoin propre."
5497,45,45,55,"Pompaples (VD)","C'est non au projet prévoyant une simplification des résiliations du bail pour besoin propre à Pompaples. Les habitants ont refusé le texte à 55 pour cent."
5498,40.8,40.8,59.2,"La Sarraz (VD)","C'est non au projet prévoyant une simplification des résiliations du bail pour besoin propre à La Sarraz. Les habitants ont refusé le texte à 59,2 pour cent."
5499,59.3,59.3,40.7,"Senarclens (VD)","La population de Senarclens approuve à 59,3 pour cent le projet qui vise à simplifier les résiliations du bail pour besoin propre."
5501,52.6,52.6,47.4,"Sullens (VD)","Les habitants de Sullens soutiennent à 52,6 pour cent le projet visant à simplifier les résiliations du bail pour besoin propre."
5503,44.4,44.4,55.6,"Vufflens-la-Ville (VD)","A Vufflens-la-Ville, les citoyens rejettent à 55,6 pour cent le projet visant à simplifier les résiliations du bail pour besoin propre."
5511,55.7,55.7,44.3,"Assens (VD)","Le projet visant à simplifier les résiliations du bail pour besoin propre passe la rampe avec 55,7 pour cent de oui à Assens."
5512,45.3,45.3,54.7,"Bercher (VD)","Le projet visant à simplifier les résiliations du bail pour besoin propre n'a pas trouvé grâce aux yeux des citoyens de Bercher. Ils ont refusé le texte à 54,7 pour cent."
5514,51.4,51.4,48.6,"Bottens (VD)","Le projet qui prévoit une simplification des résiliations du bail pour besoin propre est approuvé à Bottens par 51,4 pour cent des votants."
5515,38.6,38.6,61.4,"Bretigny-sur-Morrens (VD)","La population de Bretigny-sur-Morrens rejette à 61,4 pour cent des voix le projet qui veut simplifier les résiliations du bail pour besoin propre."
5516,41.1,41.1,58.9,"Cugy (VD)","A Cugy (VD), les citoyens rejettent à 58,9 pour cent le projet visant à simplifier les résiliations du bail pour besoin propre."
5518,38.4,38.4,61.6,"Echallens (VD)","C'est non au projet prévoyant une simplification des résiliations du bail pour besoin propre à Echallens. Les habitants ont refusé le texte à 61,6 pour cent."
5520,54.5,54.5,45.5,"Essertines-sur-Yverdon (VD)","Les habitants d'Essertines-sur-Yverdon acceptent à 54,5 pour cent le projet visant à simplifier les résiliations du bail pour besoin propre."
5521,38.5,38.5,61.5,"Etagnières (VD)","A Etagnières, les citoyens rejettent à 61,5 pour cent le projet visant à simplifier les résiliations du bail pour besoin propre."
5522,40.3,40.3,59.7,"Fey (VD)","Le projet visant à simplifier les résiliations du bail pour besoin propre n'a pas convaincu à Fey. Les citoyens de la commune ont refusé la réforme à 59,7 pour cent."
5523,44.8,44.8,55.2,"Froideville (VD)","A Froideville, les citoyens rejettent à 55,2 pour cent le projet visant à simplifier les résiliations du bail pour besoin propre."
5527,50.1,50.1,49.9,"Morrens (VD)","Les habitants de Morrens (VD) acceptent à 50,1 pour cent le projet visant à simplifier les résiliations du bail pour besoin propre."
5529,55.1,55.1,44.9,"Oulens-sous-Echallens (VD)","Le projet visant à simplifier les résiliations du bail pour besoin propre passe la rampe avec 55,1 pour cent de oui à Oulens-sous-Echallens."
5530,57.5,57.5,42.5,"Pailly (VD)","A Pailly, les habitants disent oui à  57,5 pour cent au projet qui vise à simplifier les résiliations du bail pour besoin propre."
5531,53,53,47,"Penthéréaz (VD)","Les habitants de Penthéréaz acceptent à 53 pour cent le projet visant à simplifier les résiliations du bail pour besoin propre."
5533,44.6,44.6,55.4,"Poliez-Pittet (VD)","La population de Poliez-Pittet rejette à 55,4 pour cent des voix le projet qui veut simplifier les résiliations du bail pour besoin propre."
5534,60.3,60.3,39.7,"Rueyres (VD)","Les habitants de Rueyres acceptent à 60,3 pour cent le projet visant à simplifier les résiliations du bail pour besoin propre."
5535,51.8,51.8,48.2,"Saint-Barthélemy (VD)","A Saint-Barthélemy (VD), les habitants disent oui à  51,8 pour cent au projet qui vise à simplifier les résiliations du bail pour besoin propre."
5537,56.6,56.6,43.4,"Villars-le-Terroir (VD)","Villars-le-Terroir dit oui à 56,6 pour cent au projet visant à simplifier les résiliations du bail pour besoin propre"
5539,54.9,54.9,45.1,"Vuarrens (VD)","Vuarrens dit oui à 54,9 pour cent au projet visant à simplifier les résiliations du bail pour besoin propre"
5540,52.3,52.3,47.7,"Montilliez (VD)","Les habitants de Montilliez acceptent à 52,3 pour cent le projet visant à simplifier les résiliations du bail pour besoin propre."
5541,53.3,53.3,46.7,"Goumoëns (VD)","Le projet qui prévoit une simplification des résiliations du bail pour besoin propre est approuvé à Goumoëns par 53,3 pour cent des votants."
5551,52,52,48,"Bonvillars (VD)","Les habitants de Bonvillars acceptent à 52 pour cent le projet visant à simplifier les résiliations du bail pour besoin propre."
5552,46.9,46.9,53.1,"Bullet (VD)","C'est non au projet prévoyant une simplification des résiliations du bail pour besoin propre à Bullet. Les habitants ont refusé le texte à 53,1 pour cent."
5553,42.5,42.5,57.5,"Champagne (VD)","La population de Champagne rejette à 57,5 pour cent des voix le projet qui veut simplifier les résiliations du bail pour besoin propre."
5554,39.8,39.8,60.2,"Concise (VD)","C'est non au projet prévoyant une simplification des résiliations du bail pour besoin propre à Concise. Les habitants ont refusé le texte à 60,2 pour cent."
5555,54,54,46,"Corcelles-près-Concise (VD)","Les habitants de Corcelles-près-Concise acceptent à 54 pour cent le projet visant à simplifier les résiliations du bail pour besoin propre."
5556,47,47,53,"Fiez (VD)","C'est non au projet prévoyant une simplification des résiliations du bail pour besoin propre à Fiez. Les habitants ont refusé le texte à 53 pour cent."
5557,45.3,45.3,54.7,"Fontaines-sur-Grandson (VD)","La réforme visant à simplifier les résiliations du bail pour besoin propre ne passe pas la rampe à Fontaines-sur-Grandson. Les habitants de cette petite commune l'ont rejetée par 41 voix, contre 34."
5559,57,57,43,"Giez (VD)","Les habitants de Giez acceptent à 57 pour cent le projet visant à simplifier les résiliations du bail pour besoin propre."
5560,42,42,58,"Grandevent (VD)","Les habitants de Grandevent s'opposent au projet visant à simplifier les résiliations du bail pour besoin propre par 58 pour cent des voix."
5561,45.3,45.3,54.7,"Grandson (VD)","Le projet visant à simplifier les résiliations du bail pour besoin propre est refusé à 54,7 pour cent à Grandson."
5562,50.9,50.9,49.1,"Mauborget (VD)","Les électeurs de la petite commune de Mauborget veulent que les propriétaires puissent résilier plus facilement un bail pour besoin propre. Ils ont dit oui au texte par 28 voix, contre 27."
5563,46.5,46.5,53.5,"Mutrux (VD)","Les habitants de la petite commune de Mutrux ont refusé de simplifier les résiliations du bail pour besoin propre. Ils ont dit non à cet objet par 23 voix contre 20."
5564,68.1,68.1,31.9,"Novalles (VD)","Les électeurs de la petite commune de Novalles veulent que les propriétaires puissent résilier plus facilement un bail pour besoin propre. Ils ont dit oui au texte par 32 voix, contre 15."
5565,49.1,49.1,50.9,"Onnens (VD)","La population d'Onnens (VD) rejette à 50,9 pour cent des voix le projet qui veut simplifier les résiliations du bail pour besoin propre."
5566,57.1,57.1,42.9,"Provence (VD)","La population de Provence approuve à 57,1 pour cent le projet qui vise à simplifier les résiliations du bail pour besoin propre."
5568,34,34,66,"Sainte-Croix (VD)","Le projet visant à simplifier les résiliations du bail pour besoin propre est refusé à 66 pour cent à Sainte-Croix."
5571,40.5,40.5,59.5,"Tévenon (VD)","C'est non au projet prévoyant une simplification des résiliations du bail pour besoin propre à Tévenon. Les habitants ont refusé le texte à 59,5 pour cent."
5581,50,0,0,"Belmont-sur-Lausanne (VD)","Les résultats ne sont pas encore connus dans cette commune."
5582,33.4,33.4,66.6,"Cheseaux-sur-Lausanne (VD)","Le projet visant à simplifier les résiliations du bail pour besoin propre n'a pas convaincu à Cheseaux-sur-Lausanne. Les citoyens de la commune ont refusé la réforme à 66,6 pour cent."
5583,50,0,0,"Crissier (VD)","Les résultats ne sont pas encore connus dans cette commune."
5584,38.1,38.1,61.9,"Epalinges (VD)","C'est non au projet prévoyant une simplification des résiliations du bail pour besoin propre à Epalinges. Les habitants ont refusé le texte à 61,9 pour cent."
5585,59,59,41,"Jouxtens-Mézery (VD)","La population de Jouxtens-Mézery approuve à 59 pour cent le projet qui vise à simplifier les résiliations du bail pour besoin propre."
5586,50,0,0,"Lausanne (VD)","Les résultats ne sont pas encore connus dans cette commune."
5587,50,0,0,"Le Mont-sur-Lausanne (VD)","Les résultats ne sont pas encore connus dans cette commune."
5588,39.1,39.1,60.9,"Paudex (VD)","C'est non au projet prévoyant une simplification des résiliations du bail pour besoin propre à Paudex. Les habitants ont refusé le texte à 60,9 pour cent."
5589,25,25,75,"Prilly (VD)","A Prilly, les citoyens rejettent à 75 pour cent le projet visant à simplifier les résiliations du bail pour besoin propre."
5590,40.1,40.1,59.9,"Pully (VD)","La population de Pully rejette à 59,9 pour cent des voix le projet qui veut simplifier les résiliations du bail pour besoin propre."
5591,50,0,0,"Renens (VD)","Les résultats ne sont pas encore connus dans cette commune."
5592,31.6,31.6,68.4,"Romanel-sur-Lausanne (VD)","A Romanel-sur-Lausanne, les citoyens rejettent à 68,4 pour cent le projet visant à simplifier les résiliations du bail pour besoin propre."
5601,46.6,46.6,53.4,"Chexbres (VD)","Le projet visant à simplifier les résiliations du bail pour besoin propre est refusé à 53,4 pour cent à Chexbres."
5604,50,0,0,"Forel (Lavaux) (VD)","Les résultats ne sont pas encore connus dans cette commune."
5606,52.5,52.5,47.5,"Lutry (VD)","Lutry dit oui à 52,5 pour cent au projet visant à simplifier les résiliations du bail pour besoin propre"
5607,49.5,49.5,50.5,"Puidoux (VD)","La population de Puidoux rejette à 50,5 pour cent des voix le projet qui veut simplifier les résiliations du bail pour besoin propre."
5609,52.2,52.2,47.8,"Rivaz (VD)","Les habitants de Rivaz soutiennent à 52,2 pour cent le projet visant à simplifier les résiliations du bail pour besoin propre."
5610,41.5,41.5,58.5,"Saint-Saphorin (Lavaux) (VD)","Les habitants de Saint-Saphorin (Lavaux) s'opposent au projet visant à simplifier les résiliations du bail pour besoin propre par 58,5 pour cent des voix."
5611,43.4,43.4,56.6,"Savigny (VD)","C'est non au projet prévoyant une simplification des résiliations du bail pour besoin propre à Savigny. Les habitants ont refusé le texte à 56,6 pour cent."
5613,50.5,50.5,49.5,"Bourg-en-Lavaux (VD)","A Bourg-en-Lavaux, les habitants disent oui à  50,5 pour cent au projet qui vise à simplifier les résiliations du bail pour besoin propre."
5621,56.1,56.1,43.9,"Aclens (VD)","Le projet qui prévoit une simplification des résiliations du bail pour besoin propre est approuvé à Aclens par 56,1 pour cent des votants."
5622,53.5,53.5,46.5,"Bremblens (VD)","Bremblens dit oui à 53,5 pour cent au projet visant à simplifier les résiliations du bail pour besoin propre"
5623,59.9,59.9,40.1,"Buchillon (VD)","A Buchillon, les habitants disent oui à  59,9 pour cent au projet qui vise à simplifier les résiliations du bail pour besoin propre."
5624,32.8,32.8,67.2,"Bussigny (VD)","Le projet visant à simplifier les résiliations du bail pour besoin propre n'a pas trouvé grâce aux yeux des citoyens de Bussigny. Ils ont refusé le texte à 67,2 pour cent."
5627,16.3,16.3,83.7,"Chavannes-près-Renens (VD)","Les habitants de Chavannes-près-Renens s'opposent au projet visant à simplifier les résiliations du bail pour besoin propre par 83,7 pour cent des voix."
5628,53.8,53.8,46.2,"Chigny (VD)","La population de Chigny approuve à 53,8 pour cent le projet qui vise à simplifier les résiliations du bail pour besoin propre."
5629,56.1,56.1,43.9,"Clarmont (VD)","Le projet visant à simplifier les résiliations du bail pour besoin propre est validé à Clarmont. Les citoyens de cette petite commune sont 37 à soutenir le texte, contre 29 à le refuser."
5631,57.7,57.7,42.3,"Denens (VD)","La population de Denens approuve à 57,7 pour cent le projet qui vise à simplifier les résiliations du bail pour besoin propre."
5632,42.7,42.7,57.3,"Denges (VD)","C'est non au projet prévoyant une simplification des résiliations du bail pour besoin propre à Denges. Les habitants ont refusé le texte à 57,3 pour cent."
5633,50.4,50.4,49.6,"Echandens (VD)","Les habitants d'Echandens soutiennent à 50,4 pour cent le projet visant à simplifier les résiliations du bail pour besoin propre."
5634,52.2,52.2,47.8,"Echichens (VD)","Le projet visant à simplifier les résiliations du bail pour besoin propre passe la rampe avec 52,2 pour cent de oui à Echichens."
5635,30.4,30.4,69.6,"Ecublens (VD)","A Ecublens (VD), les citoyens rejettent à 69,6 pour cent le projet visant à simplifier les résiliations du bail pour besoin propre."
5636,44.9,44.9,55.1,"Etoy (VD)","Les habitants d'Etoy s'opposent au projet visant à simplifier les résiliations du bail pour besoin propre par 55,1 pour cent des voix."
5637,52.6,52.6,47.4,"Lavigny (VD)","A Lavigny, les habitants disent oui à  52,6 pour cent au projet qui vise à simplifier les résiliations du bail pour besoin propre."
5638,46.8,46.8,53.2,"Lonay (VD)","A Lonay, les citoyens rejettent à 53,2 pour cent le projet visant à simplifier les résiliations du bail pour besoin propre."
5639,55.2,55.2,44.8,"Lully (VD)","Les habitants de Lully (VD) acceptent à 55,2 pour cent le projet visant à simplifier les résiliations du bail pour besoin propre."
5640,46.7,46.7,53.3,"Lussy-sur-Morges (VD)","La population de Lussy-sur-Morges rejette à 53,3 pour cent des voix le projet qui veut simplifier les résiliations du bail pour besoin propre."
5642,50,0,0,"Morges (VD)","Les résultats ne sont pas encore connus dans cette commune."
5643,38.9,38.9,61.1,"Préverenges (VD)","Le projet visant à simplifier les résiliations du bail pour besoin propre n'a pas trouvé grâce aux yeux des citoyens de Préverenges. Ils ont refusé le texte à 61,1 pour cent."
5645,52,52,48,"Romanel-sur-Morges (VD)","Les habitants de Romanel-sur-Morges acceptent à 52 pour cent le projet visant à simplifier les résiliations du bail pour besoin propre."
5646,46.9,46.9,53.1,"Saint-Prex (VD)","Le projet visant à simplifier les résiliations du bail pour besoin propre n'a pas convaincu à Saint-Prex. Les citoyens de la commune ont refusé la réforme à 53,1 pour cent."
5648,50,0,0,"Saint-Sulpice (VD)","Les résultats ne sont pas encore connus dans cette commune."
5649,43.6,43.6,56.4,"Tolochenaz (VD)","A Tolochenaz, les citoyens rejettent à 56,4 pour cent le projet visant à simplifier les résiliations du bail pour besoin propre."
5650,42.7,42.7,57.3,"Vaux-sur-Morges (VD)","La réforme visant à simplifier les résiliations du bail pour besoin propre ne passe pas la rampe à Vaux-sur-Morges. Les habitants de cette petite commune l'ont rejetée par 51 voix, contre 38."
5651,54.2,54.2,45.8,"Villars-Sainte-Croix (VD)","A Villars-Sainte-Croix, les habitants disent oui à  54,2 pour cent au projet qui vise à simplifier les résiliations du bail pour besoin propre."
5652,46.6,46.6,53.4,"Villars-sous-Yens (VD)","Les habitants de Villars-sous-Yens s'opposent au projet visant à simplifier les résiliations du bail pour besoin propre par 53,4 pour cent des voix."
5653,55.8,55.8,44.2,"Vufflens-le-Château (VD)","Les habitants de Vufflens-le-Château acceptent à 55,8 pour cent le projet visant à simplifier les résiliations du bail pour besoin propre."
5654,57.8,57.8,42.2,"Vullierens (VD)","Vullierens dit oui à 57,8 pour cent au projet visant à simplifier les résiliations du bail pour besoin propre"
5655,53.5,53.5,46.5,"Yens (VD)","A Yens, les habitants disent oui à  53,5 pour cent au projet qui vise à simplifier les résiliations du bail pour besoin propre."
5656,49.8,49.8,50.2,"Hautemorges (VD)","La population de Hautemorges rejette à 50,2 pour cent des voix le projet qui veut simplifier les résiliations du bail pour besoin propre."
5661,44.6,44.6,55.4,"Boulens (VD)","C'est non au projet prévoyant une simplification des résiliations du bail pour besoin propre à Boulens. Les habitants ont refusé le texte à 55,4 pour cent."
5663,59,59,41,"Bussy-sur-Moudon (VD)","Les électeurs de la petite commune de Bussy-sur-Moudon veulent que les propriétaires puissent résilier plus facilement un bail pour besoin propre. Ils ont dit oui au texte par 49 voix, contre 34."
5665,65.9,65.9,34.1,"Chavannes-sur-Moudon (VD)","Le projet visant à simplifier les résiliations du bail pour besoin propre est validé à Chavannes-sur-Moudon. Les citoyens de cette petite commune sont 56 à soutenir le texte, contre 29 à le refuser."
5669,50.9,50.9,49.1,"Curtilles (VD)","Les habitants de Curtilles soutiennent à 50,9 pour cent le projet visant à simplifier les résiliations du bail pour besoin propre."
5671,45.7,45.7,54.3,"Dompierre (VD)","La réforme visant à simplifier les résiliations du bail pour besoin propre ne passe pas la rampe à Dompierre (VD). Les habitants de cette petite commune l'ont rejetée par 51 voix, contre 43."
5673,57.1,57.1,42.9,"Hermenches (VD)","A Hermenches, les habitants disent oui à  57,1 pour cent au projet qui vise à simplifier les résiliations du bail pour besoin propre."
5674,50.9,50.9,49.1,"Lovatens (VD)","Les électeurs de la petite commune de Lovatens veulent que les propriétaires puissent résilier plus facilement un bail pour besoin propre. Ils ont dit oui au texte par 29 voix, contre 28."
5675,37.1,37.1,62.9,"Lucens (VD)","Le projet visant à simplifier les résiliations du bail pour besoin propre est refusé à 62,9 pour cent à Lucens."
5678,36,36,64,"Moudon (VD)","La population de Moudon rejette à 64 pour cent des voix le projet qui veut simplifier les résiliations du bail pour besoin propre."
5680,43,43,57,"Ogens (VD)","Le projet visant à simplifier les résiliations du bail pour besoin propre est refusé à 57 pour cent à Ogens."
5683,48,48,52,"Prévonloup (VD)","La réforme visant à simplifier les résiliations du bail pour besoin propre ne passe pas la rampe à Prévonloup. Les habitants de cette petite commune l'ont rejetée par 39 voix, contre 36."
5684,72.2,72.2,27.8,"Rossenges (VD)","Le projet visant à simplifier les résiliations du bail pour besoin propre est validé à Rossenges. Les citoyens de cette petite commune sont 26 à soutenir le texte, contre 10 à le refuser."
5688,56.4,56.4,43.6,"Syens (VD)","Le projet visant à simplifier les résiliations du bail pour besoin propre est validé à Syens. Les citoyens de cette petite commune sont 22 à soutenir le texte, contre 17 à le refuser."
5690,63.5,63.5,36.5,"Villars-le-Comte (VD)","Le projet visant à simplifier les résiliations du bail pour besoin propre est validé à Villars-le-Comte. Les citoyens de cette petite commune sont 33 à soutenir le texte, contre 19 à le refuser."
5692,54.5,54.5,45.5,"Vucherens (VD)","A Vucherens, les habitants disent oui à  54,5 pour cent au projet qui vise à simplifier les résiliations du bail pour besoin propre."
5693,52,52,48,"Montanaire (VD)","La population de Montanaire approuve à 52 pour cent le projet qui vise à simplifier les résiliations du bail pour besoin propre."
5701,58.6,58.6,41.4,"Arnex-sur-Nyon (VD)","Le projet visant à simplifier les résiliations du bail pour besoin propre est validé à Arnex-sur-Nyon. Les citoyens de cette petite commune sont 51 à soutenir le texte, contre 36 à le refuser."
5702,56.2,56.2,43.8,"Arzier-Le Muids (VD)","La population d'Arzier-Le Muids approuve à 56,2 pour cent le projet qui vise à simplifier les résiliations du bail pour besoin propre."
5703,52.7,52.7,47.3,"Bassins (VD)","A Bassins, les habitants disent oui à  52,7 pour cent au projet qui vise à simplifier les résiliations du bail pour besoin propre."
5704,56.1,56.1,43.9,"Begnins (VD)","Le projet qui prévoit une simplification des résiliations du bail pour besoin propre est approuvé à Begnins par 56,1 pour cent des votants."
5705,57.7,57.7,42.3,"Bogis-Bossey (VD)","Les habitants de Bogis-Bossey acceptent à 57,7 pour cent le projet visant à simplifier les résiliations du bail pour besoin propre."
5706,54.5,54.5,45.5,"Borex (VD)","A Borex, les habitants disent oui à  54,5 pour cent au projet qui vise à simplifier les résiliations du bail pour besoin propre."
5707,58.5,58.5,41.5,"Chavannes-de-Bogis (VD)","Chavannes-de-Bogis dit oui à 58,5 pour cent au projet visant à simplifier les résiliations du bail pour besoin propre"
5708,57.2,57.2,42.8,"Chavannes-des-Bois (VD)","Le projet visant à simplifier les résiliations du bail pour besoin propre passe la rampe avec 57,2 pour cent de oui à Chavannes-des-Bois."
5709,54.6,54.6,45.4,"Chéserex (VD)","Le projet visant à simplifier les résiliations du bail pour besoin propre passe la rampe avec 54,6 pour cent de oui à Chéserex."
5710,54.6,54.6,45.4,"Coinsins (VD)","La population de Coinsins approuve à 54,6 pour cent le projet qui vise à simplifier les résiliations du bail pour besoin propre."
5711,50,0,0,"Commugny (VD)","Les résultats ne sont pas encore connus dans cette commune."
5712,60.3,60.3,39.7,"Coppet (VD)","La population de Coppet approuve à 60,3 pour cent le projet qui vise à simplifier les résiliations du bail pour besoin propre."
5713,61.2,61.2,38.8,"Crans-près-Céligny (VD)","Les habitants de Crans-près-Céligny acceptent à 61,2 pour cent le projet visant à simplifier les résiliations du bail pour besoin propre."
5714,52.9,52.9,47.1,"Crassier (VD)","Le projet visant à simplifier les résiliations du bail pour besoin propre passe la rampe avec 52,9 pour cent de oui à Crassier."
5715,57.1,57.1,42.9,"Duillier (VD)","Les habitants de Duillier acceptent à 57,1 pour cent le projet visant à simplifier les résiliations du bail pour besoin propre."
5716,48.4,48.4,51.6,"Eysins (VD)","Le projet visant à simplifier les résiliations du bail pour besoin propre n'a pas convaincu à Eysins. Les citoyens de la commune ont refusé la réforme à 51,6 pour cent."
5717,60.2,60.2,39.8,"Founex (VD)","Le projet qui prévoit une simplification des résiliations du bail pour besoin propre est approuvé à Founex par 60,2 pour cent des votants."
5718,63.4,63.4,36.6,"Genolier (VD)","Les habitants de Genolier soutiennent à 63,4 pour cent le projet visant à simplifier les résiliations du bail pour besoin propre."
5719,57,57,43,"Gingins (VD)","Le projet visant à simplifier les résiliations du bail pour besoin propre passe la rampe avec 57 pour cent de oui à Gingins."
5720,58.9,58.9,41.1,"Givrins (VD)","Le projet qui prévoit une simplification des résiliations du bail pour besoin propre est approuvé à Givrins par 58,9 pour cent des votants."
5721,40.2,40.2,59.8,"Gland (VD)","La population de Gland rejette à 59,8 pour cent des voix le projet qui veut simplifier les résiliations du bail pour besoin propre."
5722,44.9,44.9,55.1,"Grens (VD)","A Grens, les citoyens rejettent à 55,1 pour cent le projet visant à simplifier les résiliations du bail pour besoin propre."
5723,65,65,35,"Mies (VD)","A Mies, les habitants disent oui à  65 pour cent au projet qui vise à simplifier les résiliations du bail pour besoin propre."
5724,33.7,33.7,66.3,"Nyon (VD)","C'est non au projet prévoyant une simplification des résiliations du bail pour besoin propre à Nyon. Les habitants ont refusé le texte à 66,3 pour cent."
5725,48.3,48.3,51.7,"Prangins (VD)","Le projet visant à simplifier les résiliations du bail pour besoin propre n'a pas convaincu à Prangins. Les citoyens de la commune ont refusé la réforme à 51,7 pour cent."
5726,53.5,53.5,46.5,"La Rippe (VD)","La population de La Rippe approuve à 53,5 pour cent le projet qui vise à simplifier les résiliations du bail pour besoin propre."
5727,46.4,46.4,53.6,"Saint-Cergue (VD)","Le projet visant à simplifier les résiliations du bail pour besoin propre est refusé à 53,6 pour cent à Saint-Cergue."
5728,57.6,57.6,42.4,"Signy-Avenex (VD)","Le projet visant à simplifier les résiliations du bail pour besoin propre passe la rampe avec 57,6 pour cent de oui à Signy-Avenex."
5729,65.3,65.3,34.7,"Tannay (VD)","Les habitants de Tannay soutiennent à 65,3 pour cent le projet visant à simplifier les résiliations du bail pour besoin propre."
5730,58.4,58.4,41.6,"Trélex (VD)","Les habitants de Trélex acceptent à 58,4 pour cent le projet visant à simplifier les résiliations du bail pour besoin propre."
5731,53.8,53.8,46.2,"Le Vaud (VD)","Le Vaud dit oui à 53,8 pour cent au projet visant à simplifier les résiliations du bail pour besoin propre"
5732,53.4,53.4,46.6,"Vich (VD)","La population de Vich approuve à 53,4 pour cent le projet qui vise à simplifier les résiliations du bail pour besoin propre."
5741,44.7,44.7,55.3,"L'Abergement (VD)","Le projet visant à simplifier les résiliations du bail pour besoin propre n'a pas convaincu à L'Abergement. Les citoyens de la commune ont refusé la réforme à 55,3 pour cent."
5742,51.7,51.7,48.3,"Agiez (VD)","Le projet qui prévoit une simplification des résiliations du bail pour besoin propre est approuvé à Agiez par 51,7 pour cent des votants."
5743,48.9,48.9,51.1,"Arnex-sur-Orbe (VD)","A Arnex-sur-Orbe, les citoyens rejettent à 51,1 pour cent le projet visant à simplifier les résiliations du bail pour besoin propre."
5744,46.3,46.3,53.7,"Ballaigues (VD)","Les habitants de Ballaigues s'opposent au projet visant à simplifier les résiliations du bail pour besoin propre par 53,7 pour cent des voix."
5745,40.8,40.8,59.2,"Baulmes (VD)","C'est non au projet prévoyant une simplification des résiliations du bail pour besoin propre à Baulmes. Les habitants ont refusé le texte à 59,2 pour cent."
5746,45.1,45.1,54.9,"Bavois (VD)","Les habitants de Bavois s'opposent au projet visant à simplifier les résiliations du bail pour besoin propre par 54,9 pour cent des voix."
5747,55.7,55.7,44.3,"Bofflens (VD)","Le projet visant à simplifier les résiliations du bail pour besoin propre est validé à Bofflens. Les citoyens de cette petite commune sont 44 à soutenir le texte, contre 35 à le refuser."
5748,40.2,40.2,59.8,"Bretonnières (VD)","La réforme visant à simplifier les résiliations du bail pour besoin propre ne passe pas la rampe à Bretonnières. Les habitants de cette petite commune l'ont rejetée par 58 voix, contre 39."
5749,43.9,43.9,56.1,"Chavornay (VD)","Le projet visant à simplifier les résiliations du bail pour besoin propre n'a pas convaincu à Chavornay. Les citoyens de la commune ont refusé la réforme à 56,1 pour cent."
5750,60.8,60.8,39.2,"Les Clées (VD)","Le projet visant à simplifier les résiliations du bail pour besoin propre est validé aux Clées. Les citoyens de cette petite commune sont 48 à soutenir le texte, contre 31 à le refuser."
5752,33.1,33.1,66.9,"Croy (VD)","A Croy, les citoyens rejettent à 66,9 pour cent le projet visant à simplifier les résiliations du bail pour besoin propre."
5754,42.1,42.1,57.9,"Juriens (VD)","A Juriens, les citoyens rejettent à 57,9 pour cent le projet visant à simplifier les résiliations du bail pour besoin propre."
5755,45.3,45.3,54.7,"Lignerolle (VD)","La population de Lignerolle rejette à 54,7 pour cent des voix le projet qui veut simplifier les résiliations du bail pour besoin propre."
5756,47.6,47.6,52.4,"Montcherand (VD)","Le projet visant à simplifier les résiliations du bail pour besoin propre n'a pas trouvé grâce aux yeux des citoyens de Montcherand. Ils ont refusé le texte à 52,4 pour cent."
5757,37.5,37.5,62.5,"Orbe (VD)","C'est non au projet prévoyant une simplification des résiliations du bail pour besoin propre à Orbe. Les habitants ont refusé le texte à 62,5 pour cent."
5758,43.8,43.8,56.2,"La Praz (VD)","La réforme visant à simplifier les résiliations du bail pour besoin propre ne passe pas la rampe à La Praz. Les habitants de cette petite commune l'ont rejetée par 41 voix, contre 32."
5759,55.8,55.8,44.2,"Premier (VD)","Les électeurs de la petite commune de Premier veulent que les propriétaires puissent résilier plus facilement un bail pour besoin propre. Ils ont dit oui au texte par 43 voix, contre 34."
5760,52.9,52.9,47.1,"Rances (VD)","Rances dit oui à 52,9 pour cent au projet visant à simplifier les résiliations du bail pour besoin propre"
5761,36.8,36.8,63.2,"Romainmôtier-Envy (VD)","Le projet visant à simplifier les résiliations du bail pour besoin propre n'a pas trouvé grâce aux yeux des citoyens de Romainmôtier-Envy. Ils ont refusé le texte à 63,2 pour cent."
5762,63.9,63.9,36.1,"Sergey (VD)","Le projet visant à simplifier les résiliations du bail pour besoin propre est validé à Sergey. Les citoyens de cette petite commune sont 39 à soutenir le texte, contre 22 à le refuser."
5763,54.1,54.1,45.9,"Valeyres-sous-Rances (VD)","Les habitants de Valeyres-sous-Rances acceptent à 54,1 pour cent le projet visant à simplifier les résiliations du bail pour besoin propre."
5764,36.2,36.2,63.8,"Vallorbe (VD)","Le projet visant à simplifier les résiliations du bail pour besoin propre n'a pas trouvé grâce aux yeux des citoyens de Vallorbe. Ils ont refusé le texte à 63,8 pour cent."
5765,60.6,60.6,39.4,"Vaulion (VD)","Le projet visant à simplifier les résiliations du bail pour besoin propre passe la rampe avec 60,6 pour cent de oui à Vaulion."
5766,42.7,42.7,57.3,"Vuiteboeuf (VD)","C'est non au projet prévoyant une simplification des résiliations du bail pour besoin propre à Vuiteboeuf. Les habitants ont refusé le texte à 57,3 pour cent."
5785,52.4,52.4,47.6,"Corcelles-le-Jorat (VD)","Corcelles-le-Jorat dit oui à 52,4 pour cent au projet visant à simplifier les résiliations du bail pour besoin propre"
5790,48.5,48.5,51.5,"Maracon (VD)","C'est non au projet prévoyant une simplification des résiliations du bail pour besoin propre à Maracon. Les habitants ont refusé le texte à 51,5 pour cent."
5792,42.9,42.9,57.1,"Montpreveyres (VD)","Le projet visant à simplifier les résiliations du bail pour besoin propre est refusé à 57,1 pour cent à Montpreveyres."
5798,57.6,57.6,42.4,"Ropraz (VD)","La population de Ropraz approuve à 57,6 pour cent le projet qui vise à simplifier les résiliations du bail pour besoin propre."
5799,50,0,0,"Servion (VD)","Les résultats ne sont pas encore connus dans cette commune."
5803,51.5,51.5,48.5,"Vulliens (VD)","Le projet qui prévoit une simplification des résiliations du bail pour besoin propre est approuvé à Vulliens par 51,5 pour cent des votants."
5804,46.3,46.3,53.7,"Jorat-Menthue (VD)","C'est non au projet prévoyant une simplification des résiliations du bail pour besoin propre à Jorat-Menthue. Les habitants ont refusé le texte à 53,7 pour cent."
5805,39.6,39.6,60.4,"Oron (VD)","Les habitants d'Oron s'opposent au projet visant à simplifier les résiliations du bail pour besoin propre par 60,4 pour cent des voix."
5806,42.2,42.2,57.8,"Jorat-Mézières (VD)","Le projet visant à simplifier les résiliations du bail pour besoin propre n'a pas convaincu à Jorat-Mézières. Les citoyens de la commune ont refusé la réforme à 57,8 pour cent."
5812,57.4,57.4,42.6,"Champtauroz (VD)","Les électeurs de la petite commune de Champtauroz veulent que les propriétaires puissent résilier plus facilement un bail pour besoin propre. Ils ont dit oui au texte par 31 voix, contre 23."
5813,51.2,51.2,48.8,"Chevroux (VD)","Les habitants de Chevroux acceptent à 51,2 pour cent le projet visant à simplifier les résiliations du bail pour besoin propre."
5816,53.7,53.7,46.3,"Corcelles-près-Payerne (VD)","Les habitants de Corcelles-près-Payerne acceptent à 53,7 pour cent le projet visant à simplifier les résiliations du bail pour besoin propre."
5817,56.1,56.1,43.9,"Grandcour (VD)","Le projet visant à simplifier les résiliations du bail pour besoin propre passe la rampe avec 56,1 pour cent de oui à Grandcour."
5819,48.1,48.1,51.9,"Henniez (VD)","La réforme visant à simplifier les résiliations du bail pour besoin propre ne passe pas la rampe à Henniez. Les habitants de cette petite commune l'ont rejetée par 42 voix, contre 39."
5821,51.3,51.3,48.7,"Missy (VD)","Les habitants de Missy soutiennent à 51,3 pour cent le projet visant à simplifier les résiliations du bail pour besoin propre."
5822,44.4,44.4,55.6,"Payerne (VD)","Le projet visant à simplifier les résiliations du bail pour besoin propre est refusé à 55,6 pour cent à Payerne."
5827,52.9,52.9,47.1,"Trey (VD)","Le projet visant à simplifier les résiliations du bail pour besoin propre est validé à Trey. Les citoyens de cette petite commune sont 46 à soutenir le texte, contre 41 à le refuser."
5828,73.8,73.8,26.2,"Treytorrens (Payerne) (VD)","Le projet visant à simplifier les résiliations du bail pour besoin propre est validé à Treytorrens (Payerne). Les citoyens de cette petite commune sont 31 à soutenir le texte, contre 11 à le refuser."
5830,51.8,51.8,48.2,"Villarzel (VD)","La population de Villarzel approuve à 51,8 pour cent le projet qui vise à simplifier les résiliations du bail pour besoin propre."
5831,50.8,50.8,49.2,"Valbroye (VD)","Valbroye dit oui à 50,8 pour cent au projet visant à simplifier les résiliations du bail pour besoin propre"
5841,55.4,55.4,44.6,"Château-d'Oex (VD)","La population de Château-d'Oex approuve à 55,4 pour cent le projet qui vise à simplifier les résiliations du bail pour besoin propre."
5842,53.2,53.2,46.8,"Rossinière (VD)","Rossinière dit oui à 53,2 pour cent au projet visant à simplifier les résiliations du bail pour besoin propre"
5843,63.2,63.2,36.8,"Rougemont (VD)","A Rougemont, les habitants disent oui à  63,2 pour cent au projet qui vise à simplifier les résiliations du bail pour besoin propre."
5851,49.2,49.2,50.8,"Allaman (VD)","Le projet visant à simplifier les résiliations du bail pour besoin propre n'a pas convaincu à Allaman. Les citoyens de la commune ont refusé la réforme à 50,8 pour cent."
5852,59.8,59.8,40.2,"Bursinel (VD)","Le projet qui prévoit une simplification des résiliations du bail pour besoin propre est approuvé à Bursinel par 59,8 pour cent des votants."
5853,50.9,50.9,49.1,"Bursins (VD)","Les habitants de Bursins acceptent à 50,9 pour cent le projet visant à simplifier les résiliations du bail pour besoin propre."
5854,56.5,56.5,43.5,"Burtigny (VD)","Les habitants de Burtigny soutiennent à 56,5 pour cent le projet visant à simplifier les résiliations du bail pour besoin propre."
5855,50,0,0,"Dully (VD)","Les résultats ne sont pas encore connus dans cette commune."
5856,56.5,56.5,43.5,"Essertines-sur-Rolle (VD)","Le projet visant à simplifier les résiliations du bail pour besoin propre passe la rampe avec 56,5 pour cent de oui à Essertines-sur-Rolle."
5857,50,0,0,"Gilly (VD)","Les résultats ne sont pas encore connus dans cette commune."
5858,58.2,58.2,41.8,"Luins (VD)","A Luins, les habitants disent oui à  58,2 pour cent au projet qui vise à simplifier les résiliations du bail pour besoin propre."
5859,51.3,51.3,48.7,"Mont-sur-Rolle (VD)","La population de Mont-sur-Rolle approuve à 51,3 pour cent le projet qui vise à simplifier les résiliations du bail pour besoin propre."
5860,51,51,49,"Perroy (VD)","Les habitants de Perroy acceptent à 51 pour cent le projet visant à simplifier les résiliations du bail pour besoin propre."
5861,42.9,42.9,57.1,"Rolle (VD)","C'est non au projet prévoyant une simplification des résiliations du bail pour besoin propre à Rolle. Les habitants ont refusé le texte à 57,1 pour cent."
5862,53.5,53.5,46.5,"Tartegnin (VD)","Les électeurs de la petite commune de Tartegnin veulent que les propriétaires puissent résilier plus facilement un bail pour besoin propre. Ils ont dit oui au texte par 38 voix, contre 33."
5863,53.2,53.2,46.8,"Vinzel (VD)","La population de Vinzel approuve à 53,2 pour cent le projet qui vise à simplifier les résiliations du bail pour besoin propre."
5871,54.1,54.1,45.9,"L'Abbaye (VD)","La population de L'Abbaye approuve à 54,1 pour cent le projet qui vise à simplifier les résiliations du bail pour besoin propre."
5872,38.9,38.9,61.1,"Le Chenit (VD)","Le projet visant à simplifier les résiliations du bail pour besoin propre n'a pas trouvé grâce aux yeux des citoyens du Chenit. Ils ont refusé le texte à 61,1 pour cent."
5873,43.8,43.8,56.2,"Le Lieu (VD)","Le projet visant à simplifier les résiliations du bail pour besoin propre n'a pas trouvé grâce aux yeux des citoyens du Lieu. Ils ont refusé le texte à 56,2 pour cent."
5882,51.2,51.2,48.8,"Chardonne (VD)","La population de Chardonne approuve à 51,2 pour cent le projet qui vise à simplifier les résiliations du bail pour besoin propre."
5883,50.3,50.3,49.7,"Corseaux (VD)","Corseaux dit oui à 50,3 pour cent au projet visant à simplifier les résiliations du bail pour besoin propre"
5884,38.8,38.8,61.2,"Corsier-sur-Vevey (VD)","Les habitants de Corsier-sur-Vevey s'opposent au projet visant à simplifier les résiliations du bail pour besoin propre par 61,2 pour cent des voix."
5885,53.6,53.6,46.4,"Jongny (VD)","A Jongny, les habitants disent oui à  53,6 pour cent au projet qui vise à simplifier les résiliations du bail pour besoin propre."
5886,41,41,59,"Montreux (VD)","Le projet visant à simplifier les résiliations du bail pour besoin propre n'a pas trouvé grâce aux yeux des citoyens de Montreux. Ils ont refusé le texte à 59 pour cent."
5889,32.8,32.8,67.2,"La Tour-de-Peilz (VD)","Le projet visant à simplifier les résiliations du bail pour besoin propre est refusé à 67,2 pour cent à La Tour-de-Peilz."
5890,50,0,0,"Vevey (VD)","Les résultats ne sont pas encore connus dans cette commune."
5891,42.3,42.3,57.7,"Veytaux (VD)","La population de Veytaux rejette à 57,7 pour cent des voix le projet qui veut simplifier les résiliations du bail pour besoin propre."
5892,50,0,0,"Blonay-Saint-Légier (VD)","Les résultats ne sont pas encore connus dans cette commune."
5902,58.2,58.2,41.8,"Belmont-sur-Yverdon (VD)","Belmont-sur-Yverdon dit oui à 58,2 pour cent au projet visant à simplifier les résiliations du bail pour besoin propre"
5903,62.3,62.3,37.7,"Bioley-Magnoux (VD)","A Bioley-Magnoux, les habitants disent oui à  62,3 pour cent au projet qui vise à simplifier les résiliations du bail pour besoin propre."
5904,54.7,54.7,45.3,"Chamblon (VD)","Le projet qui prévoit une simplification des résiliations du bail pour besoin propre est approuvé à Chamblon par 54,7 pour cent des votants."
5905,54.9,54.9,45.1,"Champvent (VD)","Les habitants de Champvent soutiennent à 54,9 pour cent le projet visant à simplifier les résiliations du bail pour besoin propre."
5907,60.6,60.6,39.4,"Chavannes-le-Chêne (VD)","Le projet visant à simplifier les résiliations du bail pour besoin propre est validé à Chavannes-le-Chêne. Les citoyens de cette petite commune sont 57 à soutenir le texte, contre 37 à le refuser."
5908,27.8,27.8,72.2,"Chêne-Pâquier (VD)","Les habitants de la petite commune de Chêne-Pâquier ont refusé de simplifier les résiliations du bail pour besoin propre. Ils ont dit non à cet objet par 39 voix contre 15."
5909,50.4,50.4,49.6,"Cheseaux-Noréaz (VD)","Cheseaux-Noréaz dit oui à 50,4 pour cent au projet visant à simplifier les résiliations du bail pour besoin propre"
5910,50.3,50.3,49.7,"Cronay (VD)","A Cronay, les habitants disent oui à  50,3 pour cent au projet qui vise à simplifier les résiliations du bail pour besoin propre."
5911,56.7,56.7,43.3,"Cuarny (VD)","Les électeurs de la petite commune de Cuarny veulent que les propriétaires puissent résilier plus facilement un bail pour besoin propre. Ils ont dit oui au texte par 51 voix, contre 39."
5912,54.5,54.5,45.5,"Démoret (VD)","Le projet visant à simplifier les résiliations du bail pour besoin propre est validé à Démoret. Les citoyens de cette petite commune sont 36 à soutenir le texte, contre 30 à le refuser."
5913,50,0,0,"Donneloye (VD)","Les résultats ne sont pas encore connus dans cette commune."
5914,53.8,53.8,46.2,"Ependes (VD)","Le projet visant à simplifier les résiliations du bail pour besoin propre passe la rampe avec 53,8 pour cent de oui à Ependes (VD)."
5919,44.7,44.7,55.3,"Mathod (VD)","Le projet visant à simplifier les résiliations du bail pour besoin propre n'a pas trouvé grâce aux yeux des citoyens de Mathod. Ils ont refusé le texte à 55,3 pour cent."
5921,57.5,57.5,42.5,"Molondin (VD)","Le projet visant à simplifier les résiliations du bail pour besoin propre est validé à Molondin. Les citoyens de cette petite commune sont 46 à soutenir le texte, contre 34 à le refuser."
5922,50.2,50.2,49.8,"Montagny-près-Yverdon (VD)","Montagny-près-Yverdon dit oui à 50,2 pour cent au projet visant à simplifier les résiliations du bail pour besoin propre"
5923,57.6,57.6,42.4,"Oppens (VD)","Les électeurs de la petite commune d'Oppens veulent que les propriétaires puissent résilier plus facilement un bail pour besoin propre. Ils ont dit oui au texte par 34 voix, contre 25."
5924,52.1,52.1,47.9,"Orges (VD)","Le projet visant à simplifier les résiliations du bail pour besoin propre passe la rampe avec 52,1 pour cent de oui à Orges."
5925,53.2,53.2,46.8,"Orzens (VD)","Le projet visant à simplifier les résiliations du bail pour besoin propre est validé à Orzens. Les citoyens de cette petite commune sont 42 à soutenir le texte, contre 37 à le refuser."
5926,58.7,58.7,41.3,"Pomy (VD)","Le projet visant à simplifier les résiliations du bail pour besoin propre passe la rampe avec 58,7 pour cent de oui à Pomy."
5928,72.2,72.2,27.8,"Rovray (VD)","Le projet visant à simplifier les résiliations du bail pour besoin propre est validé à Rovray. Les citoyens de cette petite commune sont 57 à soutenir le texte, contre 22 à le refuser."
5929,52.7,52.7,47.3,"Suchy (VD)","Le projet qui prévoit une simplification des résiliations du bail pour besoin propre est approuvé à Suchy par 52,7 pour cent des votants."
5930,53.5,53.5,46.5,"Suscévaz (VD)","Les électeurs de la petite commune de Suscévaz veulent que les propriétaires puissent résilier plus facilement un bail pour besoin propre. Ils ont dit oui au texte par 46 voix, contre 40."
5931,48.3,48.3,51.7,"Treycovagnes (VD)","Les habitants de Treycovagnes s'opposent au projet visant à simplifier les résiliations du bail pour besoin propre par 51,7 pour cent des voix."
5932,67.1,67.1,32.9,"Ursins (VD)","Le projet visant à simplifier les résiliations du bail pour besoin propre est validé à Ursins. Les citoyens de cette petite commune sont 53 à soutenir le texte, contre 26 à le refuser."
5933,53.4,53.4,46.6,"Valeyres-sous-Montagny (VD)","Le projet visant à simplifier les résiliations du bail pour besoin propre passe la rampe avec 53,4 pour cent de oui à Valeyres-sous-Montagny."
5934,55.1,55.1,44.9,"Valeyres-sous-Ursins (VD)","Le projet qui prévoit une simplification des résiliations du bail pour besoin propre est approuvé à Valeyres-sous-Ursins par 55,1 pour cent des votants."
5935,64.4,64.4,35.6,"Villars-Epeney (VD)","Le projet visant à simplifier les résiliations du bail pour besoin propre est validé à Villars-Epeney. Les citoyens de cette petite commune sont 29 à soutenir le texte, contre 16 à le refuser."
5937,54.8,54.8,45.2,"Vugelles-La Mothe (VD)","Les électeurs de la petite commune de Vugelles-La Mothe veulent que les propriétaires puissent résilier plus facilement un bail pour besoin propre. Ils ont dit oui au texte par 23 voix, contre 19."
5938,50,0,0,"Yverdon-les-Bains (VD)","Les résultats ne sont pas encore connus dans cette commune."
5939,41.5,41.5,58.5,"Yvonand (VD)","C'est non au projet prévoyant une simplification des résiliations du bail pour besoin propre à Yvonand. Les habitants ont refusé le texte à 58,5 pour cent."
